id,participant_id,condition_order,created_at
2,Tina,control,2026-03-10T02:45:29.275666+00:00
3,dsfs,control,2026-03-10T02:49:10.409482+00:00
4,aew,control,2026-03-10T02:49:16.905218+00:00
5,e2234,control,2026-03-10T02:49:21.462768+00:00
6,a,extension,2026-03-10T02:49:26.636348+00:00
7,luna,extension,2026-03-11T01:43:43.782138+00:00
8,luna,extension,2026-03-11T01:50:22.501397+00:00
9,luna,extension,2026-03-11T01:52:03.419523+00:00
10,Brian,extension,2026-03-12T03:53:54.010255+00:00
11,Brian,control,2026-03-12T03:54:57.735421+00:00
12,Brian,control,2026-03-12T03:58:01.141652+00:00
13,bob,control,2026-03-12T04:11:47.954982+00:00
14,bob,control,2026-03-12T04:15:01.474131+00:00
15,Alice,control,2026-03-12T04:16:12.412857+00:00
16,Alice2,extension,2026-03-12T04:16:50.178545+00:00
17,testest,extension,2026-03-12T05:17:30.484034+00:00
18,grgrdrg,extension,2026-03-12T05:17:38.565036+00:00
19,dfdfds,extension,2026-03-12T05:17:42.567914+00:00
20,ddfdsfs,extension,2026-03-12T05:17:46.403137+00:00
21,dsfdsfs,control,2026-03-12T05:17:51.9337+00:00
22,fgf,control,2026-03-12T05:41:03.122193+00:00
23,s,control,2026-03-12T05:58:56.235247+00:00
24,df,control,2026-03-12T06:10:43.461498+00:00
25,P02,control,2026-03-12T17:49:26.288295+00:00
26,P02,extension,2026-03-12T17:50:29.829675+00:00
27,sad,extension,2026-03-12T17:50:42.476328+00:00
28,dsad,extension,2026-03-12T17:50:49.200076+00:00
29,adasd,extension,2026-03-12T17:50:56.584498+00:00
30,asdsa,extension,2026-03-12T17:51:01.766586+00:00
31,asdsad,control,2026-03-12T17:51:08.574475+00:00
32,hi,control,2026-03-12T20:22:24.00519+00:00
33,dfd,control,2026-03-13T18:16:20.809599+00:00
34,hi2,control,2026-03-13T20:25:31.672709+00:00
35,hi3,control,2026-03-13T20:29:26.348896+00:00
36,hi4,extension,2026-03-13T20:29:31.115152+00:00
37,Logan Bolton,extension,2026-03-16T19:05:51.732287+00:00
38,logan bolton,extension,2026-03-16T19:06:28.16522+00:00
39,Reza,extension,2026-03-16T19:24:20.552951+00:00
40,Hung,extension,2026-03-16T19:36:58.6336+00:00
69,Anon,"extension,control",2026-03-20T14:36:40.093894+00:00
70,Anon,"control,extension",2026-03-20T14:36:40.093906+00:00
71,Anon,"extension,control",2026-03-20T14:36:42.04132+00:00
72,Anon,"control,extension",2026-03-20T14:36:42.181991+00:00
73,Anon,"extension,control",2026-03-20T14:36:43.61646+00:00
74,Anon,"control,extension",2026-03-20T14:36:48.036062+00:00
75,Anon,"extension,control",2026-03-20T14:36:48.787406+00:00
76,Anon,"control,extension",2026-03-20T14:36:48.948228+00:00
77,Anon,"extension,control",2026-03-20T14:36:49.004547+00:00
78,Anon,"control,extension",2026-03-20T14:36:49.017923+00:00
79,Anon,"extension,control",2026-03-20T14:36:49.049985+00:00
80,Anon,"control,extension",2026-03-20T14:36:49.273109+00:00
81,Anon,"extension,control",2026-03-20T14:36:51.22097+00:00
82,Anon,"control,extension",2026-03-20T14:36:51.291687+00:00
83,Anon,"extension,control",2026-03-20T14:36:52.57861+00:00
84,Anon,"control,extension",2026-03-20T14:36:53.603542+00:00
85,Anon,"extension,control",2026-03-20T14:36:55.950809+00:00
86,Anon,"control,extension",2026-03-20T14:36:56.159645+00:00
87,Anon,"extension,control",2026-03-20T14:36:56.607804+00:00
88,Anon,"control,extension",2026-03-20T14:36:58.211969+00:00
89,Anon,"extension,control",2026-03-20T14:36:59.62617+00:00
90,Anon,"control,extension",2026-03-20T14:37:22.101692+00:00
91,Anon,"extension,control",2026-03-20T14:37:39.624862+00:00
92,Anon,"control,extension",2026-03-20T14:39:16.125609+00:00
93,Anon,"extension,control",2026-03-20T14:39:32.191602+00:00
94,Anon,"control,extension",2026-03-20T14:39:48.068642+00:00
95,Anon,"extension,control",2026-03-20T14:39:57.250915+00:00
97,Anon,"extension,control",2026-03-20T15:13:22.468022+00:00
96,Anon,"control,extension",2026-03-20T15:13:22.468072+00:00
98,Anon,"control,extension",2026-03-20T15:13:22.619218+00:00
99,Anon,"extension,control",2026-03-20T15:13:22.875984+00:00
100,Anon,"control,extension",2026-03-20T15:13:24.82662+00:00
101,Anon,"extension,control",2026-03-20T15:13:25.471938+00:00
102,Anon,"control,extension",2026-03-20T15:13:26.462606+00:00
103,Anon,"extension,control",2026-03-20T15:13:27.891381+00:00
104,Anon,"control,extension",2026-03-20T15:13:28.102905+00:00
105,Anon,"extension,control",2026-03-20T15:13:29.090846+00:00
106,Anon,"control,extension",2026-03-20T15:13:44.547003+00:00
107,Anon,"extension,control",2026-03-20T15:14:32.67565+00:00
108,Anon,"control,extension",2026-03-20T15:15:38.74005+00:00
109,Anon,"extension,control",2026-03-20T15:18:21.983919+00:00
110,Anon,"control,extension",2026-03-20T15:20:11.278459+00:00
111,Anon,"extension,control",2026-03-20T15:23:29.585567+00:00
